EFFECTIVE_DATE,JURISDICTION,PARTY,TERM,micro avg,macro avg,weighted avg,eval_loss,steps,train_loss
"{'precision': 0.0, 'recall': 0.0, 'f1-score': 0.0, 'support': 54}","{'precision': 0.0, 'recall': 0.0, 'f1-score': 0.0, 'support': 134}","{'precision': 0.0, 'recall': 0.0, 'f1-score': 0.0, 'support': 452}","{'precision': 0.0, 'recall': 0.0, 'f1-score': 0.0, 'support': 32}","{'precision': 0.0, 'recall': 0.0, 'f1-score': 0.0, 'support': 672}","{'precision': 0.0, 'recall': 0.0, 'f1-score': 0.0, 'support': 672}","{'precision': 0.0, 'recall': 0.0, 'f1-score': 0.0, 'support': 672}",1.2502726316452026,25,1.2841670513153076
"{'precision': 0.0, 'recall': 0.0, 'f1-score': 0.0, 'support': 54}","{'precision': 0.0, 'recall': 0.0, 'f1-score': 0.0, 'support': 134}","{'precision': 0.0, 'recall': 0.0, 'f1-score': 0.0, 'support': 452}","{'precision': 0.0, 'recall': 0.0, 'f1-score': 0.0, 'support': 32}","{'precision': 0.0, 'recall': 0.0, 'f1-score': 0.0, 'support': 672}","{'precision': 0.0, 'recall': 0.0, 'f1-score': 0.0, 'support': 672}","{'precision': 0.0, 'recall': 0.0, 'f1-score': 0.0, 'support': 672}",1.153769850730896,50,1.1142833232879639
"{'precision': 0.0, 'recall': 0.0, 'f1-score': 0.0, 'support': 54}","{'precision': 0.0, 'recall': 0.0, 'f1-score': 0.0, 'support': 134}","{'precision': 0.0, 'recall': 0.0, 'f1-score': 0.0, 'support': 452}","{'precision': 0.0, 'recall': 0.0, 'f1-score': 0.0, 'support': 32}","{'precision': 0.0, 'recall': 0.0, 'f1-score': 0.0, 'support': 672}","{'precision': 0.0, 'recall': 0.0, 'f1-score': 0.0, 'support': 672}","{'precision': 0.0, 'recall': 0.0, 'f1-score': 0.0, 'support': 672}",1.026680827140808,75,1.0417883396148682
"{'precision': 0.0, 'recall': 0.0, 'f1-score': 0.0, 'support': 54}","{'precision': 0.0, 'recall': 0.0, 'f1-score': 0.0, 'support': 134}","{'precision': 0.0, 'recall': 0.0, 'f1-score': 0.0, 'support': 452}","{'precision': 0.0, 'recall': 0.0, 'f1-score': 0.0, 'support': 32}","{'precision': 0.0, 'recall': 0.0, 'f1-score': 0.0, 'support': 672}","{'precision': 0.0, 'recall': 0.0, 'f1-score': 0.0, 'support': 672}","{'precision': 0.0, 'recall': 0.0, 'f1-score': 0.0, 'support': 672}",0.9500077366828918,100,0.9578672647476196
"{'precision': 0.0, 'recall': 0.0, 'f1-score': 0.0, 'support': 54}","{'precision': 0.0, 'recall': 0.0, 'f1-score': 0.0, 'support': 134}","{'precision': 0.0, 'recall': 0.0, 'f1-score': 0.0, 'support': 452}","{'precision': 0.0, 'recall': 0.0, 'f1-score': 0.0, 'support': 32}","{'precision': 0.0, 'recall': 0.0, 'f1-score': 0.0, 'support': 672}","{'precision': 0.0, 'recall': 0.0, 'f1-score': 0.0, 'support': 672}","{'precision': 0.0, 'recall': 0.0, 'f1-score': 0.0, 'support': 672}",0.8803593516349792,125,0.8766564130783081
"{'precision': 0.0, 'recall': 0.0, 'f1-score': 0.0, 'support': 54}","{'precision': 0.0, 'recall': 0.0, 'f1-score': 0.0, 'support': 134}","{'precision': 0.0, 'recall': 0.0, 'f1-score': 0.0, 'support': 452}","{'precision': 0.0, 'recall': 0.0, 'f1-score': 0.0, 'support': 32}","{'precision': 0.0, 'recall': 0.0, 'f1-score': 0.0, 'support': 672}","{'precision': 0.0, 'recall': 0.0, 'f1-score': 0.0, 'support': 672}","{'precision': 0.0, 'recall': 0.0, 'f1-score': 0.0, 'support': 672}",0.7860779166221619,150,0.8012676239013672
"{'precision': 0.0, 'recall': 0.0, 'f1-score': 0.0, 'support': 54}","{'precision': 0.0, 'recall': 0.0, 'f1-score': 0.0, 'support': 134}","{'precision': 0.0, 'recall': 0.0, 'f1-score': 0.0, 'support': 452}","{'precision': 0.0, 'recall': 0.0, 'f1-score': 0.0, 'support': 32}","{'precision': 0.0, 'recall': 0.0, 'f1-score': 0.0, 'support': 672}","{'precision': 0.0, 'recall': 0.0, 'f1-score': 0.0, 'support': 672}","{'precision': 0.0, 'recall': 0.0, 'f1-score': 0.0, 'support': 672}",0.7287536859512329,175,0.7504226565361023
"{'precision': 0.0, 'recall': 0.0, 'f1-score': 0.0, 'support': 54}","{'precision': 0.0, 'recall': 0.0, 'f1-score': 0.0, 'support': 134}","{'precision': 0.0, 'recall': 0.0, 'f1-score': 0.0, 'support': 452}","{'precision': 0.0, 'recall': 0.0, 'f1-score': 0.0, 'support': 32}","{'precision': 0.0, 'recall': 0.0, 'f1-score': 0.0, 'support': 672}","{'precision': 0.0, 'recall': 0.0, 'f1-score': 0.0, 'support': 672}","{'precision': 0.0, 'recall': 0.0, 'f1-score': 0.0, 'support': 672}",0.665065586566925,200,0.6601076126098633
"{'precision': 0.0, 'recall': 0.0, 'f1-score': 0.0, 'support': 54}","{'precision': 0.0, 'recall': 0.0, 'f1-score': 0.0, 'support': 134}","{'precision': 0.0, 'recall': 0.0, 'f1-score': 0.0, 'support': 452}","{'precision': 0.0, 'recall': 0.0, 'f1-score': 0.0, 'support': 32}","{'precision': 0.0, 'recall': 0.0, 'f1-score': 0.0, 'support': 672}","{'precision': 0.0, 'recall': 0.0, 'f1-score': 0.0, 'support': 672}","{'precision': 0.0, 'recall': 0.0, 'f1-score': 0.0, 'support': 672}",0.5802506804466248,225,0.5812104344367981
"{'precision': 0.0, 'recall': 0.0, 'f1-score': 0.0, 'support': 54}","{'precision': 0.0, 'recall': 0.0, 'f1-score': 0.0, 'support': 134}","{'precision': 0.0, 'recall': 0.0, 'f1-score': 0.0, 'support': 452}","{'precision': 0.0, 'recall': 0.0, 'f1-score': 0.0, 'support': 32}","{'precision': 0.0, 'recall': 0.0, 'f1-score': 0.0, 'support': 672}","{'precision': 0.0, 'recall': 0.0, 'f1-score': 0.0, 'support': 672}","{'precision': 0.0, 'recall': 0.0, 'f1-score': 0.0, 'support': 672}",0.5315872430801392,250,0.5242491960525513
"{'precision': 0.0, 'recall': 0.0, 'f1-score': 0.0, 'support': 54}","{'precision': 0.0, 'recall': 0.0, 'f1-score': 0.0, 'support': 134}","{'precision': 0.0, 'recall': 0.0, 'f1-score': 0.0, 'support': 452}","{'precision': 0.0, 'recall': 0.0, 'f1-score': 0.0, 'support': 32}","{'precision': 0.0, 'recall': 0.0, 'f1-score': 0.0, 'support': 672}","{'precision': 0.0, 'recall': 0.0, 'f1-score': 0.0, 'support': 672}","{'precision': 0.0, 'recall': 0.0, 'f1-score': 0.0, 'support': 672}",0.494385302066803,275,0.5187845826148987
"{'precision': 0.0, 'recall': 0.0, 'f1-score': 0.0, 'support': 54}","{'precision': 0.0, 'recall': 0.0, 'f1-score': 0.0, 'support': 134}","{'precision': 0.0, 'recall': 0.0, 'f1-score': 0.0, 'support': 452}","{'precision': 0.0, 'recall': 0.0, 'f1-score': 0.0, 'support': 32}","{'precision': 0.0, 'recall': 0.0, 'f1-score': 0.0, 'support': 672}","{'precision': 0.0, 'recall': 0.0, 'f1-score': 0.0, 'support': 672}","{'precision': 0.0, 'recall': 0.0, 'f1-score': 0.0, 'support': 672}",0.45879992842674255,300,0.4540673494338989
"{'precision': 0.0, 'recall': 0.0, 'f1-score': 0.0, 'support': 54}","{'precision': 0.0, 'recall': 0.0, 'f1-score': 0.0, 'support': 134}","{'precision': 0.0, 'recall': 0.0, 'f1-score': 0.0, 'support': 452}","{'precision': 0.0, 'recall': 0.0, 'f1-score': 0.0, 'support': 32}","{'precision': 0.0, 'recall': 0.0, 'f1-score': 0.0, 'support': 672}","{'precision': 0.0, 'recall': 0.0, 'f1-score': 0.0, 'support': 672}","{'precision': 0.0, 'recall': 0.0, 'f1-score': 0.0, 'support': 672}",0.5018064379692078,325,0.3988023102283478
"{'precision': 0.0, 'recall': 0.0, 'f1-score': 0.0, 'support': 54}","{'precision': 0.0, 'recall': 0.0, 'f1-score': 0.0, 'support': 134}","{'precision': 0.0, 'recall': 0.0, 'f1-score': 0.0, 'support': 452}","{'precision': 0.0, 'recall': 0.0, 'f1-score': 0.0, 'support': 32}","{'precision': 0.0, 'recall': 0.0, 'f1-score': 0.0, 'support': 672}","{'precision': 0.0, 'recall': 0.0, 'f1-score': 0.0, 'support': 672}","{'precision': 0.0, 'recall': 0.0, 'f1-score': 0.0, 'support': 672}",0.34945568442344666,350,0.3966875970363617
"{'precision': 0.0, 'recall': 0.0, 'f1-score': 0.0, 'support': 54}","{'precision': 0.0, 'recall': 0.0, 'f1-score': 0.0, 'support': 134}","{'precision': 0.0, 'recall': 0.0, 'f1-score': 0.0, 'support': 452}","{'precision': 0.0, 'recall': 0.0, 'f1-score': 0.0, 'support': 32}","{'precision': 0.0, 'recall': 0.0, 'f1-score': 0.0, 'support': 672}","{'precision': 0.0, 'recall': 0.0, 'f1-score': 0.0, 'support': 672}","{'precision': 0.0, 'recall': 0.0, 'f1-score': 0.0, 'support': 672}",0.33486780524253845,375,0.3291051685810089
"{'precision': 0.0, 'recall': 0.0, 'f1-score': 0.0, 'support': 54}","{'precision': 0.0, 'recall': 0.0, 'f1-score': 0.0, 'support': 134}","{'precision': 0.0, 'recall': 0.0, 'f1-score': 0.0, 'support': 452}","{'precision': 0.0, 'recall': 0.0, 'f1-score': 0.0, 'support': 32}","{'precision': 0.0, 'recall': 0.0, 'f1-score': 0.0, 'support': 672}","{'precision': 0.0, 'recall': 0.0, 'f1-score': 0.0, 'support': 672}","{'precision': 0.0, 'recall': 0.0, 'f1-score': 0.0, 'support': 672}",0.28631916642189026,400,0.3044452965259552
"{'precision': 0.0, 'recall': 0.0, 'f1-score': 0.0, 'support': 54}","{'precision': 0.0, 'recall': 0.0, 'f1-score': 0.0, 'support': 134}","{'precision': 0.0, 'recall': 0.0, 'f1-score': 0.0, 'support': 452}","{'precision': 0.0, 'recall': 0.0, 'f1-score': 0.0, 'support': 32}","{'precision': 0.0, 'recall': 0.0, 'f1-score': 0.0, 'support': 672}","{'precision': 0.0, 'recall': 0.0, 'f1-score': 0.0, 'support': 672}","{'precision': 0.0, 'recall': 0.0, 'f1-score': 0.0, 'support': 672}",0.28476521372795105,425,0.2820304334163666
"{'precision': 0.0, 'recall': 0.0, 'f1-score': 0.0, 'support': 54}","{'precision': 0.0, 'recall': 0.0, 'f1-score': 0.0, 'support': 134}","{'precision': 0.0, 'recall': 0.0, 'f1-score': 0.0, 'support': 452}","{'precision': 0.0, 'recall': 0.0, 'f1-score': 0.0, 'support': 32}","{'precision': 0.0, 'recall': 0.0, 'f1-score': 0.0, 'support': 672}","{'precision': 0.0, 'recall': 0.0, 'f1-score': 0.0, 'support': 672}","{'precision': 0.0, 'recall': 0.0, 'f1-score': 0.0, 'support': 672}",0.2945888042449951,450,0.2522779703140259
"{'precision': 0.0, 'recall': 0.0, 'f1-score': 0.0, 'support': 54}","{'precision': 0.0, 'recall': 0.0, 'f1-score': 0.0, 'support': 134}","{'precision': 0.0, 'recall': 0.0, 'f1-score': 0.0, 'support': 452}","{'precision': 0.0, 'recall': 0.0, 'f1-score': 0.0, 'support': 32}","{'precision': 0.0, 'recall': 0.0, 'f1-score': 0.0, 'support': 672}","{'precision': 0.0, 'recall': 0.0, 'f1-score': 0.0, 'support': 672}","{'precision': 0.0, 'recall': 0.0, 'f1-score': 0.0, 'support': 672}",0.23121173679828644,475,0.24951280653476715
"{'precision': 0.0, 'recall': 0.0, 'f1-score': 0.0, 'support': 54}","{'precision': 0.0, 'recall': 0.0, 'f1-score': 0.0, 'support': 134}","{'precision': 0.0, 'recall': 0.0, 'f1-score': 0.0, 'support': 452}","{'precision': 0.0, 'recall': 0.0, 'f1-score': 0.0, 'support': 32}","{'precision': 0.0, 'recall': 0.0, 'f1-score': 0.0, 'support': 672}","{'precision': 0.0, 'recall': 0.0, 'f1-score': 0.0, 'support': 672}","{'precision': 0.0, 'recall': 0.0, 'f1-score': 0.0, 'support': 672}",0.2727217972278595,500,0.3167656660079956
"{'precision': 0.0, 'recall': 0.0, 'f1-score': 0.0, 'support': 54}","{'precision': 0.0, 'recall': 0.0, 'f1-score': 0.0, 'support': 134}","{'precision': 0.0, 'recall': 0.0, 'f1-score': 0.0, 'support': 452}","{'precision': 0.0, 'recall': 0.0, 'f1-score': 0.0, 'support': 32}","{'precision': 0.0, 'recall': 0.0, 'f1-score': 0.0, 'support': 672}","{'precision': 0.0, 'recall': 0.0, 'f1-score': 0.0, 'support': 672}","{'precision': 0.0, 'recall': 0.0, 'f1-score': 0.0, 'support': 672}",0.23025792837142944,525,0.21028995513916016
"{'precision': 0.0, 'recall': 0.0, 'f1-score': 0.0, 'support': 54}","{'precision': 0.0, 'recall': 0.0, 'f1-score': 0.0, 'support': 134}","{'precision': 0.0, 'recall': 0.0, 'f1-score': 0.0, 'support': 452}","{'precision': 0.0, 'recall': 0.0, 'f1-score': 0.0, 'support': 32}","{'precision': 0.0, 'recall': 0.0, 'f1-score': 0.0, 'support': 672}","{'precision': 0.0, 'recall': 0.0, 'f1-score': 0.0, 'support': 672}","{'precision': 0.0, 'recall': 0.0, 'f1-score': 0.0, 'support': 672}",0.21426941454410553,550,0.1856701374053955
"{'precision': 0.0, 'recall': 0.0, 'f1-score': 0.0, 'support': 54}","{'precision': 0.0, 'recall': 0.0, 'f1-score': 0.0, 'support': 134}","{'precision': 0.0, 'recall': 0.0, 'f1-score': 0.0, 'support': 452}","{'precision': 0.0, 'recall': 0.0, 'f1-score': 0.0, 'support': 32}","{'precision': 0.0, 'recall': 0.0, 'f1-score': 0.0, 'support': 672}","{'precision': 0.0, 'recall': 0.0, 'f1-score': 0.0, 'support': 672}","{'precision': 0.0, 'recall': 0.0, 'f1-score': 0.0, 'support': 672}",0.15900015830993652,575,0.17764322459697723
"{'precision': 0.0, 'recall': 0.0, 'f1-score': 0.0, 'support': 54}","{'precision': 0.0, 'recall': 0.0, 'f1-score': 0.0, 'support': 134}","{'precision': 0.0, 'recall': 0.0, 'f1-score': 0.0, 'support': 452}","{'precision': 0.0, 'recall': 0.0, 'f1-score': 0.0, 'support': 32}","{'precision': 0.0, 'recall': 0.0, 'f1-score': 0.0, 'support': 672}","{'precision': 0.0, 'recall': 0.0, 'f1-score': 0.0, 'support': 672}","{'precision': 0.0, 'recall': 0.0, 'f1-score': 0.0, 'support': 672}",0.17178894579410553,600,0.17262940108776093
"{'precision': 0.0, 'recall': 0.0, 'f1-score': 0.0, 'support': 54}","{'precision': 0.0, 'recall': 0.0, 'f1-score': 0.0, 'support': 134}","{'precision': 0.8928571428571429, 'recall': 0.05530973451327434, 'f1-score': 0.10416666666666667, 'support': 452}","{'precision': 0.0, 'recall': 0.0, 'f1-score': 0.0, 'support': 32}","{'precision': 0.8928571428571429, 'recall': 0.03720238095238095, 'f1-score': 0.07142857142857144, 'support': 672}","{'precision': 0.22321428571428573, 'recall': 0.013827433628318585, 'f1-score': 0.026041666666666668, 'support': 672}","{'precision': 0.6005527210884354, 'recall': 0.03720238095238095, 'f1-score': 0.07006448412698413, 'support': 672}",0.15939199924468994,625,0.15482918918132782
"{'precision': 0.0, 'recall': 0.0, 'f1-score': 0.0, 'support': 54}","{'precision': 0.0, 'recall': 0.0, 'f1-score': 0.0, 'support': 134}","{'precision': 0.54, 'recall': 0.059734513274336286, 'f1-score': 0.10756972111553785, 'support': 452}","{'precision': 0.0, 'recall': 0.0, 'f1-score': 0.0, 'support': 32}","{'precision': 0.54, 'recall': 0.04017857142857143, 'f1-score': 0.07479224376731303, 'support': 672}","{'precision': 0.135, 'recall': 0.014933628318584071, 'f1-score': 0.026892430278884463, 'support': 672}","{'precision': 0.3632142857142857, 'recall': 0.04017857142857143, 'f1-score': 0.07235344336937963, 'support': 672}",0.11997708678245544,650,0.1377987116575241
"{'precision': 0.0, 'recall': 0.0, 'f1-score': 0.0, 'support': 54}","{'precision': 0.0, 'recall': 0.0, 'f1-score': 0.0, 'support': 134}","{'precision': 0.45588235294117646, 'recall': 0.2743362831858407, 'f1-score': 0.34254143646408847, 'support': 452}","{'precision': 0.0, 'recall': 0.0, 'f1-score': 0.0, 'support': 32}","{'precision': 0.45588235294117646, 'recall': 0.18452380952380953, 'f1-score': 0.2627118644067797, 'support': 672}","{'precision': 0.11397058823529412, 'recall': 0.06858407079646017, 'f1-score': 0.08563535911602212, 'support': 672}","{'precision': 0.30663515406162467, 'recall': 0.1845238095238095, 'f1-score': 0.23039989476453568, 'support': 672}",0.14780481159687042,675,0.12674465775489807
"{'precision': 0.0, 'recall': 0.0, 'f1-score': 0.0, 'support': 54}","{'precision': 0.0, 'recall': 0.0, 'f1-score': 0.0, 'support': 134}","{'precision': 0.7219251336898396, 'recall': 0.29867256637168144, 'f1-score': 0.4225352112676057, 'support': 452}","{'precision': 0.0, 'recall': 0.0, 'f1-score': 0.0, 'support': 32}","{'precision': 0.7219251336898396, 'recall': 0.20089285714285715, 'f1-score': 0.31431897555296856, 'support': 672}","{'precision': 0.1804812834224599, 'recall': 0.07466814159292036, 'f1-score': 0.10563380281690142, 'support': 672}","{'precision': 0.4855805958747135, 'recall': 0.20089285714285715, 'f1-score': 0.28420523138833, 'support': 672}",0.14302745461463928,700,0.10512671619653702
"{'precision': 0.0, 'recall': 0.0, 'f1-score': 0.0, 'support': 54}","{'precision': 0.0, 'recall': 0.0, 'f1-score': 0.0, 'support': 134}","{'precision': 0.7528409090909091, 'recall': 0.5862831858407079, 'f1-score': 0.6592039800995025, 'support': 452}","{'precision': 0.0, 'recall': 0.0, 'f1-score': 0.0, 'support': 32}","{'precision': 0.7528409090909091, 'recall': 0.3943452380952381, 'f1-score': 0.517578125, 'support': 672}","{'precision': 0.18821022727272727, 'recall': 0.14657079646017698, 'f1-score': 0.16480099502487564, 'support': 672}","{'precision': 0.5063751352813852, 'recall': 0.3943452380952381, 'f1-score': 0.44339315328121304, 'support': 672}",0.1084645688533783,725,0.11896123737096786
"{'precision': 0.0, 'recall': 0.0, 'f1-score': 0.0, 'support': 54}","{'precision': 0.0, 'recall': 0.0, 'f1-score': 0.0, 'support': 134}","{'precision': 0.8339350180505415, 'recall': 0.5110619469026548, 'f1-score': 0.6337448559670782, 'support': 452}","{'precision': 0.0, 'recall': 0.0, 'f1-score': 0.0, 'support': 32}","{'precision': 0.8339350180505415, 'recall': 0.34375, 'f1-score': 0.4868282402528978, 'support': 672}","{'precision': 0.20848375451263537, 'recall': 0.1277654867256637, 'f1-score': 0.15843621399176955, 'support': 672}","{'precision': 0.5609205776173285, 'recall': 0.34374999999999994, 'f1-score': 0.42626886145404663, 'support': 672}",0.164432555437088,750,0.1113748624920845
"{'precision': 0.0, 'recall': 0.0, 'f1-score': 0.0, 'support': 54}","{'precision': 0.0, 'recall': 0.0, 'f1-score': 0.0, 'support': 134}","{'precision': 0.9626865671641791, 'recall': 0.2853982300884956, 'f1-score': 0.4402730375426621, 'support': 452}","{'precision': 0.0, 'recall': 0.0, 'f1-score': 0.0, 'support': 32}","{'precision': 0.9626865671641791, 'recall': 0.19196428571428573, 'f1-score': 0.3200992555831265, 'support': 672}","{'precision': 0.24067164179104478, 'recall': 0.0713495575221239, 'f1-score': 0.11006825938566553, 'support': 672}","{'precision': 0.6475213219616205, 'recall': 0.19196428571428573, 'f1-score': 0.2961360312042906, 'support': 672}",0.13616566359996796,775,0.13748621940612793
"{'precision': 0.0, 'recall': 0.0, 'f1-score': 0.0, 'support': 54}","{'precision': 1.0, 'recall': 0.26119402985074625, 'f1-score': 0.4142011834319526, 'support': 134}","{'precision': 0.8453038674033149, 'recall': 0.6769911504424779, 'f1-score': 0.7518427518427518, 'support': 452}","{'precision': 0.0, 'recall': 0.0, 'f1-score': 0.0, 'support': 32}","{'precision': 0.8589420654911839, 'recall': 0.5074404761904762, 'f1-score': 0.637979420018709, 'support': 672}","{'precision': 0.4613259668508287, 'recall': 0.23454629507330604, 'f1-score': 0.29151098381867613, 'support': 672}","{'precision': 0.7679722441462773, 'recall': 0.5074404761904762, 'f1-score': 0.5882974440666748, 'support': 672}",0.11760254204273224,800,0.10458340495824814
"{'precision': 0.0, 'recall': 0.0, 'f1-score': 0.0, 'support': 54}","{'precision': 0.7684210526315789, 'recall': 0.5447761194029851, 'f1-score': 0.6375545851528384, 'support': 134}","{'precision': 0.8133971291866029, 'recall': 0.7522123893805309, 'f1-score': 0.7816091954022988, 'support': 452}","{'precision': 0.0, 'recall': 0.0, 'f1-score': 0.0, 'support': 32}","{'precision': 0.8050682261208577, 'recall': 0.6145833333333334, 'f1-score': 0.6970464135021098, 'support': 672}","{'precision': 0.39545454545454545, 'recall': 0.324247127195879, 'f1-score': 0.3547909451387843, 'support': 672}","{'precision': 0.7003332194121668, 'recall': 0.6145833333333334, 'f1-score': 0.6528566528754753, 'support': 672}",0.146406352519989,825,0.11826939880847931
"{'precision': 0.0, 'recall': 0.0, 'f1-score': 0.0, 'support': 54}","{'precision': 0.6535433070866141, 'recall': 0.6194029850746269, 'f1-score': 0.636015325670498, 'support': 134}","{'precision': 0.8652849740932642, 'recall': 0.7389380530973452, 'f1-score': 0.7971360381861575, 'support': 452}","{'precision': 0.0, 'recall': 0.0, 'f1-score': 0.0, 'support': 32}","{'precision': 0.8128654970760234, 'recall': 0.6205357142857143, 'f1-score': 0.7037974683544302, 'support': 672}","{'precision': 0.3797070702949696, 'recall': 0.339585259542993, 'f1-score': 0.3582878409641639, 'support': 672}","{'precision': 0.7123268027377406, 'recall': 0.6205357142857143, 'f1-score': 0.6629933674106993, 'support': 672}",0.1004742980003357,850,0.06853995472192764
"{'precision': 0.0, 'recall': 0.0, 'f1-score': 0.0, 'support': 54}","{'precision': 0.7192982456140351, 'recall': 0.6119402985074627, 'f1-score': 0.6612903225806452, 'support': 134}","{'precision': 0.8310249307479224, 'recall': 0.6637168141592921, 'f1-score': 0.7380073800738007, 'support': 452}","{'precision': 0.0, 'recall': 0.0, 'f1-score': 0.0, 'support': 32}","{'precision': 0.8042105263157895, 'recall': 0.5684523809523809, 'f1-score': 0.6660854402789886, 'support': 672}","{'precision': 0.3875807940904894, 'recall': 0.3189142781666887, 'f1-score': 0.3498244256636115, 'support': 672}","{'precision': 0.7023946928725322, 'recall': 0.5684523809523809, 'f1-score': 0.6282622604451851, 'support': 672}",0.09369254112243652,875,0.0813940018415451
"{'precision': 0.0, 'recall': 0.0, 'f1-score': 0.0, 'support': 54}","{'precision': 0.7549019607843137, 'recall': 0.5746268656716418, 'f1-score': 0.6525423728813559, 'support': 134}","{'precision': 0.8082788671023965, 'recall': 0.8207964601769911, 'f1-score': 0.814489571899012, 'support': 452}","{'precision': 0.0, 'recall': 0.0, 'f1-score': 0.0, 'support': 32}","{'precision': 0.7985739750445633, 'recall': 0.6666666666666666, 'f1-score': 0.7266828872668288, 'support': 672}","{'precision': 0.3907952069716776, 'recall': 0.34885583146215826, 'f1-score': 0.366757986195092, 'support': 672}","{'precision': 0.6941948075526506, 'recall': 0.6666666666666666, 'f1-score': 0.6779612566435345, 'support': 672}",0.07793669402599335,900,0.0890694335103035
"{'precision': 0.0, 'recall': 0.0, 'f1-score': 0.0, 'support': 54}","{'precision': 0.6307692307692307, 'recall': 0.6119402985074627, 'f1-score': 0.6212121212121212, 'support': 134}","{'precision': 0.8810126582278481, 'recall': 0.7699115044247787, 'f1-score': 0.8217237308146399, 'support': 452}","{'precision': 0.0, 'recall': 0.0, 'f1-score': 0.0, 'support': 32}","{'precision': 0.819047619047619, 'recall': 0.6398809523809523, 'f1-score': 0.7184628237259816, 'support': 672}","{'precision': 0.3779454722492697, 'recall': 0.3454629507330603, 'f1-score': 0.36073396300669025, 'support': 672}","{'precision': 0.718364283395929, 'recall': 0.6398809523809523, 'f1-score': 0.6765796883491689, 'support': 672}",0.09968049079179764,925,0.1033160462975502
"{'precision': 0.0, 'recall': 0.0, 'f1-score': 0.0, 'support': 54}","{'precision': 0.7094017094017094, 'recall': 0.6194029850746269, 'f1-score': 0.6613545816733067, 'support': 134}","{'precision': 0.8991825613079019, 'recall': 0.7300884955752213, 'f1-score': 0.8058608058608058, 'support': 452}","{'precision': 0.0, 'recall': 0.0, 'f1-score': 0.0, 'support': 32}","{'precision': 0.8533057851239669, 'recall': 0.6145833333333334, 'f1-score': 0.7145328719723183, 'support': 672}","{'precision': 0.4021460676774028, 'recall': 0.33737287016246204, 'f1-score': 0.36680384688352813, 'support': 672}","{'precision': 0.7462653969806559, 'recall': 0.6145833333333334, 'f1-score': 0.6739145806448025, 'support': 672}",0.08543922752141953,950,0.06991035491228104
"{'precision': 1.0, 'recall': 0.018518518518518517, 'f1-score': 0.03636363636363636, 'support': 54}","{'precision': 0.7424242424242424, 'recall': 0.7313432835820896, 'f1-score': 0.736842105263158, 'support': 134}","{'precision': 0.8716707021791767, 'recall': 0.7964601769911505, 'f1-score': 0.8323699421965317, 'support': 452}","{'precision': 0.0, 'recall': 0.0, 'f1-score': 0.0, 'support': 32}","{'precision': 0.8406593406593407, 'recall': 0.6830357142857143, 'f1-score': 0.7536945812807883, 'support': 672}","{'precision': 0.6535237361508548, 'recall': 0.38658049477293965, 'f1-score': 0.4013939209558315, 'support': 672}","{'precision': 0.8147023896872564, 'recall': 0.6830357142857143, 'f1-score': 0.7097197802704343, 'support': 672}",0.058778081089258194,975,0.05134321749210358
"{'precision': 1.0, 'recall': 0.09259259259259259, 'f1-score': 0.1694915254237288, 'support': 54}","{'precision': 0.8921568627450981, 'recall': 0.6791044776119403, 'f1-score': 0.771186440677966, 'support': 134}","{'precision': 0.8527472527472527, 'recall': 0.8584070796460177, 'f1-score': 0.8555678059536935, 'support': 452}","{'precision': 0.0, 'recall': 0.0, 'f1-score': 0.0, 'support': 32}","{'precision': 0.8612099644128114, 'recall': 0.7202380952380952, 'f1-score': 0.7844408427876823, 'support': 672}","{'precision': 0.6862260288730877, 'recall': 0.4075260374626376, 'f1-score': 0.4490614430138471, 'support': 672}","{'precision': 0.8318315146571449, 'recall': 0.7202380952380952, 'f1-score': 0.7428693061232117, 'support': 672}",0.06485655903816223,1000,0.06251583248376846
"{'precision': 1.0, 'recall': 0.1111111111111111, 'f1-score': 0.19999999999999998, 'support': 54}","{'precision': 0.7571428571428571, 'recall': 0.7910447761194029, 'f1-score': 0.7737226277372262, 'support': 134}","{'precision': 0.889168765743073, 'recall': 0.7809734513274337, 'f1-score': 0.8315665488810365, 'support': 452}","{'precision': 0.0, 'recall': 0.0, 'f1-score': 0.0, 'support': 32}","{'precision': 0.856353591160221, 'recall': 0.6919642857142857, 'f1-score': 0.7654320987654321, 'support': 672}","{'precision': 0.6615779057214826, 'recall': 0.4207823346394869, 'f1-score': 0.4513222941545657, 'support': 672}","{'precision': 0.8294068824003153, 'recall': 0.6919642857142857, 'f1-score': 0.7296829050759179, 'support': 672}",0.09109501540660858,1025,0.04983098804950714
"{'precision': 0.8571428571428571, 'recall': 0.1111111111111111, 'f1-score': 0.19672131147540986, 'support': 54}","{'precision': 0.84, 'recall': 0.7835820895522388, 'f1-score': 0.8108108108108107, 'support': 134}","{'precision': 0.9086161879895561, 'recall': 0.7699115044247787, 'f1-score': 0.8335329341317366, 'support': 452}","{'precision': 0.0, 'recall': 0.0, 'f1-score': 0.0, 'support': 32}","{'precision': 0.8912621359223301, 'recall': 0.6830357142857143, 'f1-score': 0.7733782645324346, 'support': 672}","{'precision': 0.6514397612831033, 'recall': 0.41615117627203213, 'f1-score': 0.4602662641044893, 'support': 672}","{'precision': 0.8475301060371928, 'recall': 0.6830357142857143, 'f1-score': 0.7381376275236097, 'support': 672}",0.058540571480989456,1050,0.05874557048082352
"{'precision': 1.0, 'recall': 0.037037037037037035, 'f1-score': 0.07142857142857142, 'support': 54}","{'precision': 0.823076923076923, 'recall': 0.7985074626865671, 'f1-score': 0.8106060606060607, 'support': 134}","{'precision': 0.9230769230769231, 'recall': 0.7433628318584071, 'f1-score': 0.8235294117647058, 'support': 452}","{'precision': 0.0, 'recall': 0.0, 'f1-score': 0.0, 'support': 32}","{'precision': 0.8971774193548387, 'recall': 0.6622023809523809, 'f1-score': 0.761986301369863, 'support': 672}","{'precision': 0.6865384615384615, 'recall': 0.3947268328955028, 'f1-score': 0.42639101094983445, 'support': 672}","{'precision': 0.8653617216117216, 'recall': 0.6622023809523809, 'f1-score': 0.7213000730595267, 'support': 672}",0.07635100185871124,1075,0.09639282524585724
"{'precision': 1.0, 'recall': 0.037037037037037035, 'f1-score': 0.07142857142857142, 'support': 54}","{'precision': 0.7876712328767124, 'recall': 0.8582089552238806, 'f1-score': 0.8214285714285716, 'support': 134}","{'precision': 0.878345498783455, 'recall': 0.7986725663716814, 'f1-score': 0.8366164542294323, 'support': 452}","{'precision': 0.0, 'recall': 0.0, 'f1-score': 0.0, 'support': 32}","{'precision': 0.855098389982111, 'recall': 0.7113095238095238, 'f1-score': 0.776604386677498, 'support': 672}","{'precision': 0.6665041829150419, 'recall': 0.4234796396581498, 'f1-score': 0.43236839927164383, 'support': 672}","{'precision': 0.8282144503803589, 'recall': 0.7113095238095238, 'f1-score': 0.7322607272920757, 'support': 672}",0.08614159375429153,1100,0.05748811736702919
"{'precision': 0.8095238095238095, 'recall': 0.3148148148148148, 'f1-score': 0.4533333333333333, 'support': 54}","{'precision': 0.8270676691729323, 'recall': 0.8208955223880597, 'f1-score': 0.8239700374531835, 'support': 134}","{'precision': 0.8910891089108911, 'recall': 0.7964601769911505, 'f1-score': 0.8411214953271028, 'support': 452}","{'precision': 0.0, 'recall': 0.0, 'f1-score': 0.0, 'support': 32}","{'precision': 0.8727598566308243, 'recall': 0.7247023809523809, 'f1-score': 0.7918699186991869, 'support': 672}","{'precision': 0.6319201469019082, 'recall': 0.4830426285485062, 'f1-score': 0.5296062165284049, 'support': 672}","{'precision': 0.8293357598380676, 'recall': 0.7247023809523809, 'f1-score': 0.7664864596824063, 'support': 672}",0.11733132600784302,1125,0.048182163387537
"{'precision': 0.7931034482758621, 'recall': 0.42592592592592593, 'f1-score': 0.5542168674698795, 'support': 54}","{'precision': 0.88, 'recall': 0.8208955223880597, 'f1-score': 0.8494208494208494, 'support': 134}","{'precision': 0.9130434782608695, 'recall': 0.7433628318584071, 'f1-score': 0.8195121951219514, 'support': 452}","{'precision': 0.0, 'recall': 0.0, 'f1-score': 0.0, 'support': 32}","{'precision': 0.8984674329501916, 'recall': 0.6979166666666666, 'f1-score': 0.7855946398659965, 'support': 672}","{'precision': 0.6465367316341829, 'recall': 0.4975460700430982, 'f1-score': 0.5557874780031701, 'support': 672}","{'precision': 0.8533381523523952, 'recall': 0.6979166666666666, 'f1-score': 0.7651333584239426, 'support': 672}",0.06865895539522171,1150,0.05557981878519058
"{'precision': 0.8947368421052632, 'recall': 0.3148148148148148, 'f1-score': 0.4657534246575343, 'support': 54}","{'precision': 0.8943089430894309, 'recall': 0.8208955223880597, 'f1-score': 0.8560311284046692, 'support': 134}","{'precision': 0.891358024691358, 'recall': 0.7986725663716814, 'f1-score': 0.8424737456242707, 'support': 452}","{'precision': 0.0, 'recall': 0.0, 'f1-score': 0.0, 'support': 32}","{'precision': 0.8921389396709324, 'recall': 0.7261904761904762, 'f1-score': 0.800656275635767, 'support': 672}","{'precision': 0.670100952471513, 'recall': 0.483595725893639, 'f1-score': 0.5410645746716185, 'support': 672}","{'precision': 0.8497723437621455, 'recall': 0.7261904761904762, 'f1-score': 0.7747871862498554, 'support': 672}",0.04434901475906372,1175,0.048925209790468216
"{'precision': 0.6382978723404256, 'recall': 0.5555555555555556, 'f1-score': 0.594059405940594, 'support': 54}","{'precision': 0.896551724137931, 'recall': 0.7761194029850746, 'f1-score': 0.8320000000000001, 'support': 134}","{'precision': 0.8794326241134752, 'recall': 0.8230088495575221, 'f1-score': 0.8502857142857143, 'support': 452}","{'precision': 0.0, 'recall': 0.0, 'f1-score': 0.0, 'support': 32}","{'precision': 0.863481228668942, 'recall': 0.7529761904761905, 'f1-score': 0.8044515103338632, 'support': 672}","{'precision': 0.603570555147958, 'recall': 0.5386709520245381, 'f1-score': 0.569086280056577, 'support': 672}","{'precision': 0.8215916104764234, 'recall': 0.7529761904761905, 'f1-score': 0.7855600458004984, 'support': 672}",0.05355194956064224,1200,0.03464917093515396
"{'precision': 0.625, 'recall': 0.5555555555555556, 'f1-score': 0.5882352941176471, 'support': 54}","{'precision': 0.8943089430894309, 'recall': 0.8208955223880597, 'f1-score': 0.8560311284046692, 'support': 134}","{'precision': 0.918918918918919, 'recall': 0.7522123893805309, 'f1-score': 0.8272506082725061, 'support': 452}","{'precision': 0.0, 'recall': 0.0, 'f1-score': 0.0, 'support': 32}","{'precision': 0.8872458410351202, 'recall': 0.7142857142857143, 'f1-score': 0.7914262159934049, 'support': 672}","{'precision': 0.6095569655020875, 'recall': 0.5321658668310366, 'f1-score': 0.5678792576987056, 'support': 672}","{'precision': 0.8466350442341296, 'recall': 0.7142857142857143, 'f1-score': 0.7743901071841538, 'support': 672}",0.053973518311977386,1225,0.036187902092933655
"{'precision': 1.0, 'recall': 0.16666666666666666, 'f1-score': 0.2857142857142857, 'support': 54}","{'precision': 0.823943661971831, 'recall': 0.8731343283582089, 'f1-score': 0.8478260869565217, 'support': 134}","{'precision': 0.8979057591623036, 'recall': 0.7588495575221239, 'f1-score': 0.8225419664268585, 'support': 452}","{'precision': 0.0, 'recall': 0.0, 'f1-score': 0.0, 'support': 32}","{'precision': 0.8799249530956847, 'recall': 0.6979166666666666, 'f1-score': 0.7784232365145227, 'support': 672}","{'precision': 0.6804623552835336, 'recall': 0.4496626381367499, 'f1-score': 0.4890205847744165, 'support': 672}","{'precision': 0.8486039491749799, 'recall': 0.6979166666666666, 'f1-score': 0.7452771367644128, 'support': 672}",0.06092154234647751,1250,0.04090945050120354
"{'precision': 0.8, 'recall': 0.2962962962962963, 'f1-score': 0.43243243243243246, 'support': 54}","{'precision': 0.8461538461538461, 'recall': 0.8208955223880597, 'f1-score': 0.8333333333333334, 'support': 134}","{'precision': 0.9100817438692098, 'recall': 0.7389380530973452, 'f1-score': 0.8156288156288157, 'support': 452}","{'precision': 0.0, 'recall': 0.0, 'f1-score': 0.0, 'support': 32}","{'precision': 0.8897485493230174, 'recall': 0.6845238095238095, 'f1-score': 0.7737594617325483, 'support': 672}","{'precision': 0.639058897505764, 'recall': 0.4640324679454253, 'f1-score': 0.5203486453486454, 'support': 672}","{'precision': 0.8451511363296105, 'recall': 0.6845238095238095, 'f1-score': 0.7495271468485756, 'support': 672}",0.05244182050228119,1275,0.03024599328637123
"{'precision': 0.725, 'recall': 0.5370370370370371, 'f1-score': 0.6170212765957447, 'support': 54}","{'precision': 0.9285714285714286, 'recall': 0.6791044776119403, 'f1-score': 0.7844827586206897, 'support': 134}","{'precision': 0.8974358974358975, 'recall': 0.7743362831858407, 'f1-score': 0.831353919239905, 'support': 452}","{'precision': 0.0, 'recall': 0.0, 'f1-score': 0.0, 'support': 32}","{'precision': 0.8901515151515151, 'recall': 0.6994047619047619, 'f1-score': 0.7833333333333332, 'support': 672}","{'precision': 0.6377518315018315, 'recall': 0.4976194494587045, 'f1-score': 0.5582144886140848, 'support': 672}","{'precision': 0.8470529718297575, 'recall': 0.6994047619047619, 'f1-score': 0.7651961459639578, 'support': 672}",0.051798637956380844,1300,0.040177248418331146
"{'precision': 0.6666666666666666, 'recall': 0.4444444444444444, 'f1-score': 0.5333333333333333, 'support': 54}","{'precision': 0.8688524590163934, 'recall': 0.7910447761194029, 'f1-score': 0.828125, 'support': 134}","{'precision': 0.8903061224489796, 'recall': 0.7721238938053098, 'f1-score': 0.8270142180094787, 'support': 452}","{'precision': 0.0, 'recall': 0.0, 'f1-score': 0.0, 'support': 32}","{'precision': 0.8709090909090909, 'recall': 0.7127976190476191, 'f1-score': 0.7839607201309329, 'support': 672}","{'precision': 0.6064563120330099, 'recall': 0.5019032785922893, 'f1-score': 0.547118137835703, 'support': 672}","{'precision': 0.8256616024629992, 'recall': 0.7127976190476191, 'f1-score': 0.7642547269944708, 'support': 672}",0.04790187254548073,1325,0.04015710577368736
"{'precision': 0.8, 'recall': 0.37037037037037035, 'f1-score': 0.5063291139240506, 'support': 54}","{'precision': 0.9224137931034483, 'recall': 0.7985074626865671, 'f1-score': 0.856, 'support': 134}","{'precision': 0.936231884057971, 'recall': 0.7146017699115044, 'f1-score': 0.8105395232120451, 'support': 452}","{'precision': 0.0, 'recall': 0.0, 'f1-score': 0.0, 'support': 32}","{'precision': 0.9259259259259259, 'recall': 0.6696428571428571, 'f1-score': 0.77720207253886, 'support': 672}","{'precision': 0.6646614192903548, 'recall': 0.47086990074211044, 'f1-score': 0.5432171592840239, 'support': 672}","{'precision': 0.8779468152828348, 'recall': 0.6696428571428571, 'f1-score': 0.7565619592912844, 'support': 672}",0.031816720962524414,1350,0.03382066264748573
"{'precision': 0.6756756756756757, 'recall': 0.46296296296296297, 'f1-score': 0.5494505494505494, 'support': 54}","{'precision': 0.9083333333333333, 'recall': 0.8134328358208955, 'f1-score': 0.858267716535433, 'support': 134}","{'precision': 0.8853658536585366, 'recall': 0.8030973451327433, 'f1-score': 0.8422273781902553, 'support': 452}","{'precision': 0.0, 'recall': 0.0, 'f1-score': 0.0, 'support': 32}","{'precision': 0.8765432098765432, 'recall': 0.7395833333333334, 'f1-score': 0.8022598870056498, 'support': 672}","{'precision': 0.6173437156668864, 'recall': 0.5198732859791505, 'f1-score': 0.5624864110440594, 'support': 672}","{'precision': 0.830935296141089, 'recall': 0.7395833333333334, 'f1-score': 0.7817931229584422, 'support': 672}",0.061640866100788116,1375,0.027294134721159935
"{'precision': 0.7741935483870968, 'recall': 0.4444444444444444, 'f1-score': 0.5647058823529412, 'support': 54}","{'precision': 0.875, 'recall': 0.835820895522388, 'f1-score': 0.8549618320610687, 'support': 134}","{'precision': 0.9117647058823529, 'recall': 0.754424778761062, 'f1-score': 0.8256658595641647, 'support': 452}","{'precision': 0.0, 'recall': 0.0, 'f1-score': 0.0, 'support': 32}","{'precision': 0.8949343339587242, 'recall': 0.7098214285714286, 'f1-score': 0.7917012448132782, 'support': 672}","{'precision': 0.6402395635673624, 'recall': 0.5086725296819736, 'f1-score': 0.5613333934945436, 'support': 672}","{'precision': 0.8499614563567364, 'recall': 0.7098214285714286, 'f1-score': 0.7712201959319115, 'support': 672}",0.06044855713844299,1400,0.0337018221616745
"{'precision': 0.8214285714285714, 'recall': 0.42592592592592593, 'f1-score': 0.5609756097560976, 'support': 54}","{'precision': 0.8925619834710744, 'recall': 0.8059701492537313, 'f1-score': 0.8470588235294118, 'support': 134}","{'precision': 0.9007832898172323, 'recall': 0.7632743362831859, 'f1-score': 0.8263473053892215, 'support': 452}","{'precision': 0.0, 'recall': 0.0, 'f1-score': 0.0, 'support': 32}","{'precision': 0.8947368421052632, 'recall': 0.7083333333333334, 'f1-score': 0.7906976744186046, 'support': 672}","{'precision': 0.6536934611792196, 'recall': 0.4987926028657108, 'f1-score': 0.5585954346686828, 'support': 672}","{'precision': 0.8498727613685355, 'recall': 0.7083333333333334, 'f1-score': 0.7698028977912181, 'support': 672}",0.09268312156200409,1425,0.029632987454533577
"{'precision': 0.6097560975609756, 'recall': 0.46296296296296297, 'f1-score': 0.5263157894736843, 'support': 54}","{'precision': 0.8991596638655462, 'recall': 0.7985074626865671, 'f1-score': 0.8458498023715416, 'support': 134}","{'precision': 0.9130434782608695, 'recall': 0.7433628318584071, 'f1-score': 0.8195121951219514, 'support': 452}","{'precision': 0.0, 'recall': 0.0, 'f1-score': 0.0, 'support': 32}","{'precision': 0.8863636363636364, 'recall': 0.6964285714285714, 'f1-score': 0.7799999999999999, 'support': 672}","{'precision': 0.6054898099218479, 'recall': 0.5012083143769843, 'f1-score': 0.5479194467417944, 'support': 672}","{'precision': 0.842425411309805, 'recall': 0.6964285714285714, 'f1-score': 0.7621792237269159, 'support': 672}",0.0792812630534172,1450,0.03157540410757065
"{'precision': 0.5714285714285714, 'recall': 0.4444444444444444, 'f1-score': 0.5, 'support': 54}","{'precision': 0.9008264462809917, 'recall': 0.8134328358208955, 'f1-score': 0.8549019607843137, 'support': 134}","{'precision': 0.8690744920993227, 'recall': 0.8517699115044248, 'f1-score': 0.8603351955307262, 'support': 452}","{'precision': 0.0, 'recall': 0.0, 'f1-score': 0.0, 'support': 32}","{'precision': 0.8547854785478548, 'recall': 0.7708333333333334, 'f1-score': 0.810641627543036, 'support': 672}","{'precision': 0.5853323774522214, 'recall': 0.5274117979424412, 'f1-score': 0.55380928907876, 'support': 672}","{'precision': 0.8101035075709666, 'recall': 0.7708333333333334, 'f1-score': 0.7893279332217059, 'support': 672}",0.027611782774329185,1475,0.04000253975391388
"{'precision': 0.6176470588235294, 'recall': 0.3888888888888889, 'f1-score': 0.4772727272727273, 'support': 54}","{'precision': 0.8333333333333334, 'recall': 0.8582089552238806, 'f1-score': 0.8455882352941176, 'support': 134}","{'precision': 0.8953488372093024, 'recall': 0.8517699115044248, 'f1-score': 0.873015873015873, 'support': 452}","{'precision': 0.0, 'recall': 0.0, 'f1-score': 0.0, 'support': 32}","{'precision': 0.8654485049833887, 'recall': 0.7752976190476191, 'f1-score': 0.8178963893249608, 'support': 672}","{'precision': 0.5865823073415413, 'recall': 0.5247169389042986, 'f1-score': 0.5489692088956795, 'support': 672}","{'precision': 0.8180316700323541, 'recall': 0.7752976190476191, 'f1-score': 0.794173698519812, 'support': 672}",0.0567266084253788,1500,0.032335590571165085
"{'precision': 0.7777777777777778, 'recall': 0.3888888888888889, 'f1-score': 0.5185185185185185, 'support': 54}","{'precision': 0.8709677419354839, 'recall': 0.8059701492537313, 'f1-score': 0.8372093023255813, 'support': 134}","{'precision': 0.8954423592493298, 'recall': 0.7389380530973452, 'f1-score': 0.8096969696969697, 'support': 452}","{'precision': 0.0, 'recall': 0.0, 'f1-score': 0.0, 'support': 32}","{'precision': 0.8835877862595419, 'recall': 0.6889880952380952, 'f1-score': 0.7742474916387959, 'support': 672}","{'precision': 0.6360469697406479, 'recall': 0.4834492728099914, 'f1-score': 0.5413561976352673, 'support': 672}","{'precision': 0.8384667020834106, 'recall': 0.6889880952380952, 'f1-score': 0.7532277928789556, 'support': 672}",0.03930162265896797,1525,0.029879717156291008
"{'precision': 0.8214285714285714, 'recall': 0.42592592592592593, 'f1-score': 0.5609756097560976, 'support': 54}","{'precision': 0.9043478260869565, 'recall': 0.7761194029850746, 'f1-score': 0.8353413654618472, 'support': 134}","{'precision': 0.904891304347826, 'recall': 0.7367256637168141, 'f1-score': 0.8121951219512195, 'support': 452}","{'precision': 0.0, 'recall': 0.0, 'f1-score': 0.0, 'support': 32}","{'precision': 0.9001956947162426, 'recall': 0.6845238095238095, 'f1-score': 0.7776838546069315, 'support': 672}","{'precision': 0.6576669254658385, 'recall': 0.48469274815695373, 'f1-score': 0.552128024292291, 'support': 672}","{'precision': 0.8549860433303755, 'recall': 0.6845238095238095, 'f1-score': 0.7579473527093273, 'support': 672}",0.07662362605333328,1550,0.04531633481383324
"{'precision': 0.5178571428571429, 'recall': 0.5370370370370371, 'f1-score': 0.5272727272727272, 'support': 54}","{'precision': 0.8055555555555556, 'recall': 0.8656716417910447, 'f1-score': 0.8345323741007193, 'support': 134}","{'precision': 0.8700980392156863, 'recall': 0.7853982300884956, 'f1-score': 0.8255813953488372, 'support': 452}","{'precision': 0.0, 'recall': 0.0, 'f1-score': 0.0, 'support': 32}","{'precision': 0.8223684210526315, 'recall': 0.7440476190476191, 'f1-score': 0.78125, 'support': 672}","{'precision': 0.5483776844070962, 'recall': 0.5470267272291444, 'f1-score': 0.546846624180571, 'support': 672}","{'precision': 0.7874896486372327, 'recall': 0.7440476190476191, 'f1-score': 0.7640816311010388, 'support': 672}",0.04624634608626366,1575,0.03209087997674942
"{'precision': 0.5625, 'recall': 0.5, 'f1-score': 0.5294117647058824, 'support': 54}","{'precision': 0.8571428571428571, 'recall': 0.8507462686567164, 'f1-score': 0.8539325842696628, 'support': 134}","{'precision': 0.8829516539440203, 'recall': 0.7676991150442478, 'f1-score': 0.821301775147929, 'support': 452}","{'precision': 0.0, 'recall': 0.0, 'f1-score': 0.0, 'support': 32}","{'precision': 0.8501742160278746, 'recall': 0.7261904761904762, 'f1-score': 0.7833065810593901, 'support': 672}","{'precision': 0.5756486277717194, 'recall': 0.5296113459252411, 'f1-score': 0.5511615310308685, 'support': 672}","{'precision': 0.8100093607735714, 'recall': 0.7261904761904762, 'f1-score': 0.765243458263566, 'support': 672}",0.12897129356861115,1600,0.03582479804754257
"{'precision': 0.8518518518518519, 'recall': 0.42592592592592593, 'f1-score': 0.5679012345679013, 'support': 54}","{'precision': 0.9285714285714286, 'recall': 0.7761194029850746, 'f1-score': 0.8455284552845529, 'support': 134}","{'precision': 0.9234828496042217, 'recall': 0.7743362831858407, 'f1-score': 0.842358604091456, 'support': 452}","{'precision': 0.0, 'recall': 0.0, 'f1-score': 0.0, 'support': 32}","{'precision': 0.9208494208494209, 'recall': 0.7098214285714286, 'f1-score': 0.8016806722689075, 'support': 672}","{'precision': 0.6759765325068755, 'recall': 0.49409540302421034, 'f1-score': 0.5639470734859775, 'support': 672}","{'precision': 0.874766100371547, 'recall': 0.7098214285714286, 'f1-score': 0.7808237629823436, 'support': 672}",0.04035448655486107,1625,0.033774834126234055
"{'precision': 0.9, 'recall': 0.16666666666666666, 'f1-score': 0.28125, 'support': 54}","{'precision': 0.7785234899328859, 'recall': 0.8656716417910447, 'f1-score': 0.8197879858657243, 'support': 134}","{'precision': 0.8373626373626374, 'recall': 0.8429203539823009, 'f1-score': 0.8401323042998898, 'support': 452}","{'precision': 0.0, 'recall': 0.0, 'f1-score': 0.0, 'support': 32}","{'precision': 0.8241042345276873, 'recall': 0.7529761904761905, 'f1-score': 0.7869362363919129, 'support': 672}","{'precision': 0.6289715318238809, 'recall': 0.46881466561000307, 'f1-score': 0.48529257254140357, 'support': 672}","{'precision': 0.7907887793733911, 'recall': 0.7529761904761905, 'f1-score': 0.7511590649546983, 'support': 672}",0.022330844774842262,1650,0.024713264778256416
"{'precision': 0.5641025641025641, 'recall': 0.4074074074074074, 'f1-score': 0.47311827956989244, 'support': 54}","{'precision': 0.911504424778761, 'recall': 0.7686567164179104, 'f1-score': 0.8340080971659919, 'support': 134}","{'precision': 0.9081364829396326, 'recall': 0.7654867256637168, 'f1-score': 0.8307322929171668, 'support': 452}","{'precision': 0.0, 'recall': 0.0, 'f1-score': 0.0, 'support': 32}","{'precision': 0.8836772983114447, 'recall': 0.7008928571428571, 'f1-score': 0.7817427385892116, 'support': 672}","{'precision': 0.5959358679552395, 'recall': 0.48538771237225864, 'f1-score': 0.5344646674132627, 'support': 672}","{'precision': 0.8379178893907833, 'recall': 0.7008928571428571, 'f1-score': 0.7630899829100841, 'support': 672}",0.029516911134123802,1675,0.019980765879154205
"{'precision': 0.5757575757575758, 'recall': 0.35185185185185186, 'f1-score': 0.4367816091954023, 'support': 54}","{'precision': 0.8188405797101449, 'recall': 0.8432835820895522, 'f1-score': 0.8308823529411764, 'support': 134}","{'precision': 0.896457765667575, 'recall': 0.7278761061946902, 'f1-score': 0.8034188034188036, 'support': 452}","{'precision': 0.0, 'recall': 0.0, 'f1-score': 0.0, 'support': 32}","{'precision': 0.8568773234200744, 'recall': 0.6860119047619048, 'f1-score': 0.7619834710743801, 'support': 672}","{'precision': 0.5727639802838239, 'recall': 0.4807528850340236, 'f1-score': 0.5177706913888456, 'support': 672}","{'precision': 0.8125215131753161, 'recall': 0.6860119047619048, 'f1-score': 0.7411752103213818, 'support': 672}",0.03202466294169426,1700,0.022739093750715256
"{'precision': 0.8571428571428571, 'recall': 0.3333333333333333, 'f1-score': 0.48, 'support': 54}","{'precision': 0.859504132231405, 'recall': 0.7761194029850746, 'f1-score': 0.8156862745098039, 'support': 134}","{'precision': 0.8984771573604061, 'recall': 0.7831858407079646, 'f1-score': 0.8368794326241135, 'support': 452}","{'precision': 0.0, 'recall': 0.0, 'f1-score': 0.0, 'support': 32}","{'precision': 0.8880597014925373, 'recall': 0.7083333333333334, 'f1-score': 0.7880794701986756, 'support': 672}","{'precision': 0.653781036683667, 'recall': 0.4731596442565931, 'f1-score': 0.5331414267834793, 'support': 672}","{'precision': 0.844599617755396, 'recall': 0.7083333333333334, 'f1-score': 0.7641242028726384, 'support': 672}",0.0768752470612526,1725,0.02381214126944542
"{'precision': 0.7272727272727273, 'recall': 0.2962962962962963, 'f1-score': 0.42105263157894735, 'support': 54}","{'precision': 0.8208955223880597, 'recall': 0.8208955223880597, 'f1-score': 0.8208955223880597, 'support': 134}","{'precision': 0.9219653179190751, 'recall': 0.7057522123893806, 'f1-score': 0.7994987468671679, 'support': 452}","{'precision': 0.0, 'recall': 0.0, 'f1-score': 0.0, 'support': 32}","{'precision': 0.8864541832669323, 'recall': 0.6622023809523809, 'f1-score': 0.7580919931856899, 'support': 672}","{'precision': 0.6175333918949656, 'recall': 0.45573600776843415, 'f1-score': 0.5103617252085437, 'support': 672}","{'precision': 0.8422634687085553, 'recall': 0.6622023809523809, 'f1-score': 0.7352831483470581, 'support': 672}",0.06579777598381042,1750,0.020478544756770134
"{'precision': 0.6037735849056604, 'recall': 0.5925925925925926, 'f1-score': 0.5981308411214954, 'support': 54}","{'precision': 0.8359375, 'recall': 0.7985074626865671, 'f1-score': 0.816793893129771, 'support': 134}","{'precision': 0.893719806763285, 'recall': 0.8185840707964602, 'f1-score': 0.8545034642032333, 'support': 452}","{'precision': 0.0, 'recall': 0.0, 'f1-score': 0.0, 'support': 32}","{'precision': 0.8554621848739495, 'recall': 0.7574404761904762, 'f1-score': 0.803472770323599, 'support': 672}","{'precision': 0.5833577229172363, 'recall': 0.552421031518905, 'f1-score': 0.567357049613625, 'support': 672}","{'precision': 0.8163404036337953, 'recall': 0.7574404761904762, 'f1-score': 0.7856919835116243, 'support': 672}",0.03138596564531326,1775,0.02151048369705677
"{'precision': 0.582089552238806, 'recall': 0.7222222222222222, 'f1-score': 0.6446280991735538, 'support': 54}","{'precision': 0.8102189781021898, 'recall': 0.8283582089552238, 'f1-score': 0.8191881918819187, 'support': 134}","{'precision': 0.8231578947368421, 'recall': 0.8650442477876106, 'f1-score': 0.8435814455231931, 'support': 452}","{'precision': 0.0, 'recall': 0.0, 'f1-score': 0.0, 'support': 32}","{'precision': 0.7967599410898379, 'recall': 0.8050595238095238, 'f1-score': 0.8008882309400445, 'support': 672}","{'precision': 0.5538666062694595, 'recall': 0.6039061697412642, 'f1-score': 0.5768494341446664, 'support': 672}","{'precision': 0.7620082549220856, 'recall': 0.8050595238095238, 'f1-score': 0.7825594470893338, 'support': 672}",0.03351210430264473,1800,0.02975902333855629
"{'precision': 0.71875, 'recall': 0.42592592592592593, 'f1-score': 0.5348837209302325, 'support': 54}","{'precision': 0.84251968503937, 'recall': 0.7985074626865671, 'f1-score': 0.8199233716475096, 'support': 134}","{'precision': 0.9124668435013262, 'recall': 0.7610619469026548, 'f1-score': 0.8299155609167671, 'support': 452}","{'precision': 0.0, 'recall': 0.0, 'f1-score': 0.0, 'support': 32}","{'precision': 0.8843283582089553, 'recall': 0.7053571428571429, 'f1-score': 0.7847682119205299, 'support': 672}","{'precision': 0.6184341321351741, 'recall': 0.496373833878787, 'f1-score': 0.5461806633736273, 'support': 672}","{'precision': 0.8395017128837426, 'recall': 0.7053571428571429, 'f1-score': 0.7646953664663356, 'support': 672}",0.05295410752296448,1825,0.021980028599500656
"{'precision': 0.65, 'recall': 0.48148148148148145, 'f1-score': 0.553191489361702, 'support': 54}","{'precision': 0.8307692307692308, 'recall': 0.8059701492537313, 'f1-score': 0.8181818181818182, 'support': 134}","{'precision': 0.905, 'recall': 0.8008849557522124, 'f1-score': 0.8497652582159625, 'support': 452}","{'precision': 0.0, 'recall': 0.0, 'f1-score': 0.0, 'support': 32}","{'precision': 0.8701754385964913, 'recall': 0.7380952380952381, 'f1-score': 0.7987117552334945, 'support': 672}","{'precision': 0.5964423076923078, 'recall': 0.5220841466218563, 'f1-score': 0.5552846414398707, 'support': 672}","{'precision': 0.8266117216117217, 'recall': 0.7380952380952381, 'f1-score': 0.7791705368683194, 'support': 672}",0.10354199260473251,1850,0.027458274737000465
"{'precision': 0.675, 'recall': 0.5, 'f1-score': 0.574468085106383, 'support': 54}","{'precision': 0.8739495798319328, 'recall': 0.7761194029850746, 'f1-score': 0.8221343873517787, 'support': 134}","{'precision': 0.8826291079812206, 'recall': 0.831858407079646, 'f1-score': 0.8564920273348519, 'support': 452}","{'precision': 0.0, 'recall': 0.0, 'f1-score': 0.0, 'support': 32}","{'precision': 0.8666666666666667, 'recall': 0.7544642857142857, 'f1-score': 0.8066825775656326, 'support': 672}","{'precision': 0.6078946719532884, 'recall': 0.5269944525161802, 'f1-score': 0.5632736249482534, 'support': 672}","{'precision': 0.8221839293229029, 'recall': 0.7544642857142857, 'f1-score': 0.786192977464637, 'support': 672}",0.041855338960886,1875,0.027223071083426476
